,Feature,Importance
0,available_quantity,0.0029100257
1,avg_gmv_item_domain_30days,0.0029835054
2,avg_gmv_item_sel,0.0024869295
3,avg_gmv_seller_bday,0.0024101338
4,avg_qty_orders_item_domain_30days,0.0034813574
5,avg_qty_orders_item_sel_30days,0.002943863
6,avg_si_item_sel_30day,0.0022503124
7,boosted,0.0
8,free_shipping,0.006754573
9,fulfillment,0.0030492013
10,health,0.0025693884
11,is_pdp,0.293226
12,offset,0.037938032
13,original_price,0.0040736566
14,price,0.0042162766
15,print_position,0.017187608
16,qty_items_dom,0.0021348079
17,qty_items_sel,0.002562899
18,sold_quantity,0.0019371696
19,total_asp_item_domain_30days,0.0028115462
20,total_asp_item_sel_30days,0.0022396168
21,total_gmv_domain_bday,0.0025737048
22,total_gmv_item_30days,0.003924185
23,total_items_domain,0.002273203
24,total_items_seller,0.0022863327
25,total_orders_domain_30days,0.0033551725
26,total_orders_item_30days,0.011671429
27,total_orders_sel_30days,0.0023786023
28,total_si_domain_30days,0.0030432849
29,total_si_item_30days,0.0056771133
30,total_si_sel_30days,0.0024381687
31,total_visits_domain,0.0026818437
32,total_visits_item,0.0043693553
33,total_visits_seller,0.0024775441
34,warranty,0.0031582944
35,discount_%,0.0044348226
36,good_quality_picture,0.007633184
37,good_quality_thumbnail,0.0037191915
38,today_promotion,0.0023742318
39,brand_verified,0.0033116618
40,extended_warranty_eligible,0.007357517
41,immediate_payment,0.0
42,cart_eligible,0.004865771
43,incomplete_technical_specs,0.008383407
44,loyalty_discount_eligible,0.0021054887
45,deal_of_the_day,0.0027206829
46,dragged_bids_and_visits,0.0039707297
47,lightning_deal,0.002976654
48,poor_quality_picture,0.004238811
49,ahora-12,0.005666809
50,catalog_listing_eligible,0.0032933203
51,poor_quality_thumbnail,0.0034384485
52,supermarket_eligible,0.0
53,under_infractions,0.0012317034
54,month,0.0033912256
55,day,0.002967242
56,day_of_week,0.0032706547
57,hour,0.003442269
58,minute,0.0016282339
59,second,0.0014694466
60,category_first_Accesorios para Vehículos,0.0024121976
61,category_first_Agro,0.0
62,category_first_Alimentos y Bebidas,0.0064050825
63,category_first_Animales y Mascotas,0.0
64,category_first_Antigüedades y Colecciones,0.0
65,"category_first_Arte, Librería y Mercería",0.0
66,category_first_Bebés,0.0025444638
67,category_first_Belleza y Cuidado Personal,0.0033725246
68,category_first_Celulares y Telefonía,0.0
69,category_first_Celulares y Teléfonos,0.0022252447
70,category_first_Computación,0.006537829
71,category_first_Consolas y Videojuegos,0.004186191
72,category_first_Cámaras y Accesorios,0.0
73,category_first_Deportes y Fitness,0.0028323946
74,category_first_Electrodomésticos,0.0
75,category_first_Electrodomésticos y Aires Ac.,0.0059641334
76,"category_first_Electrónica, Audio y Video",0.010391048
77,category_first_Eletrodomésticos,0.0
78,category_first_Esportes e Fitness,0.0
79,category_first_Herramientas y Construcción,0.0034165098
80,"category_first_Hogar, Muebles y Jardín",0.0028863105
81,category_first_Industrias y Oficinas,0.0029103816
82,category_first_Instrumentos Musicales,0.003442492
83,category_first_Joyas y Relojes,0.0
84,category_first_Juegos y Juguetes,0.0030279872
85,"category_first_Libros, Revistas y Comics",0.0
86,"category_first_Música, Películas y Series",0.0
87,category_first_Otras categorías,0.0
88,category_first_Ropa y Accesorios,0.0036447605
89,"category_first_Ropa, Bolsas y Calzado",0.0
90,category_first_Salud y Equipamiento Médico,0.002591394
91,"category_first_Souvenirs, Cotillón y Fiestas",0.0
92,listing_type_id_gold_pro,0.0034690343
93,listing_type_id_gold_special,0.0036475675
94,logistic_type_cross_docking,0.0023850834
95,logistic_type_custom,0.00880569
96,logistic_type_default,0.0
97,logistic_type_drop_off,0.0018113401
98,logistic_type_fulfillment,0.0025497612
99,logistic_type_not_specified,0.0053010276
100,logistic_type_xd_drop_off,0.0036081893
101,platform_android,0.006071288
102,platform_desktop,0.019309416
103,platform_ios,0.0054272725
104,platform_mobile,0.005245624
105,category_last_A Carbón,0.0
106,category_last_A Combustible,0.0
107,category_last_A Combustión,0.0
108,category_last_A Gas,0.0
109,category_last_Abanicos,0.0
110,category_last_Ablandadores de Agua,0.0
111,category_last_Abrochadoras,0.0
112,category_last_Accesorios,0.0
113,category_last_Aceite de Motor,0.0
114,category_last_Aceites,0.0
115,category_last_Aceites de Motor,0.0
116,category_last_Acetos Balsámicos,0.0
117,category_last_Acolchados,0.0
118,category_last_Acordeones,0.0
119,category_last_Acrílicos,0.0
120,category_last_Acústicas,0.0
121,category_last_Adaptadores,0.0
122,category_last_Adaptadores Wifi,0.0
123,category_last_Adaptadores de Enchufes,0.0
124,category_last_Adaptadores de Taladro,0.0
125,category_last_Adhesivos para Construcción,0.0
126,category_last_Adornos,0.0
127,category_last_Aerosoles,0.0
128,category_last_Aerógrafo,0.0
129,category_last_Afeitadoras Descartables,0.0
130,category_last_Afeitadoras Eléctricas,0.0
131,category_last_Afiladores,0.0
132,category_last_Afiladores Eléctricos,0.0
133,category_last_Afiladores Manuales,0.0
134,category_last_Afinadores,0.0
135,category_last_Agarraderas para Cocina,0.0
136,category_last_Agarres para Gimnasio,0.0
137,category_last_Agendas y Diarios Íntimos,0.0
138,category_last_Agitadores,0.0
139,category_last_Aguas Minerales,0.0
140,category_last_Agujas,0.0
141,category_last_Ahuyentadores Ultrasónicos,0.0
142,category_last_Airbags,0.0
143,category_last_Aireadores de Vinos,0.0
144,category_last_Aires Acondicionados,0.0
145,category_last_Alacenas de Cocina,0.0
146,category_last_Alambrados,0.0
147,category_last_Alambres,0.0
148,category_last_Alambres de Púa,0.0
149,category_last_Alambres para Soldar,0.0
150,category_last_Alargues,0.0
151,category_last_Alarmas para Automotores,0.0
152,category_last_Alarmas para Motos,0.0
153,category_last_Alarmas y Sensores,0.0
154,category_last_Alcoholes Etílicos,0.0
155,category_last_Alcoholes en Aerosol,0.0
156,category_last_Alcoholes en Gel,0.0
157,category_last_Alfombras,0.0
158,category_last_Alfombras Antigolpes,0.0
159,category_last_Alfombras De Baile,0.0
160,category_last_Alfombras Sanitarias,0.0
161,category_last_Alfombras de Juego,0.0
162,category_last_Alfombras para Baño,0.0
163,category_last_Alfombras y Carpetas,0.0
164,category_last_Alforjas,0.0
165,"category_last_Alforjas, Bolsos y Cartucheras",0.0
166,category_last_Algodones,0.0
167,category_last_Alianzas,0.0
168,category_last_Alicates,0.0
169,category_last_Alimento,0.0
170,category_last_Alimentos de Juguete,0.0
171,category_last_All In One,0.0
172,category_last_Almohadas,0.0027858657
173,category_last_Almohadas para Viaje,0.0
174,category_last_Almohadillas Relajantes,0.0
175,category_last_Almohadillas Térmicas,0.0
176,category_last_Almohadones,0.0
177,category_last_Almohadones de Maternidad,0.0
178,category_last_Alpargatas,0.0
179,category_last_Amasadoras,0.0
180,category_last_Ambos Médicos,0.0
181,category_last_Amoladoras,0.0
182,category_last_Amperímetros,0.0
183,category_last_Amplificadores,0.0
184,category_last_Amplificadores de Audio,0.0
185,category_last_Anafes,0.0
186,category_last_Anafes Portátiles,0.0
187,category_last_Anclas,0.0
188,category_last_Andadores y Caminadores,0.0
189,category_last_Anilinas,0.0
190,category_last_Anillos,0.0
191,category_last_Anillos para Celulares,0.0
192,category_last_Antenas Wireless,0.0
193,category_last_Antenas de TV,0.0
194,category_last_Antenas para Walkie-Talkies,0.0
195,category_last_Anteojos,0.0
196,category_last_Anteojos de Sol,0.0
197,category_last_Antideslizantes para Bañera,0.0
198,category_last_Antiparras,0.0
199,category_last_Antiparras y Snorkels,0.0
200,category_last_Antirrobos de Ruedas,0.0
201,category_last_Anzuelos,0.0
202,category_last_Aparadores y Vajilleros,0.0
203,category_last_Aparatos Repelentes,0.0
204,category_last_Aparatos para Abdominales,0.0
205,category_last_Aparejos Eléctricos,0.0
206,category_last_Aparejos Manuales,0.0
207,category_last_Apoya Celulares,0.0
208,category_last_Arcos,0.0
209,category_last_Arcos y Flechas,0.0
210,category_last_Arduino,0.0
211,category_last_Arenadoras,0.0
212,category_last_Armarios para Lavadero,0.0
213,category_last_Armónicas,0.0
214,category_last_Arneses y Pretales,0.0
215,category_last_Aromatizadores,0.0
216,category_last_Aromatizadores y Purificadores,0.0
217,category_last_Aros,0.0
218,category_last_Aros de Baño,0.0
219,category_last_Aros y Tableros,0.0
220,category_last_Arroceras,0.0
221,category_last_Arroz,0.0
222,category_last_Artefactos de Iluminación,0.0
223,category_last_Asientos,0.0
224,category_last_Asientos Masajeadores,0.0
225,category_last_Asientos de Kayaks,0.0
226,category_last_Aspersores,0.0
227,category_last_Aspiradoras,0.0
228,category_last_Aspiradoras Robot,0.0
229,category_last_Aspiradores Nasales,0.0
230,category_last_Atornillador y Destornillador,0.0070449435
231,category_last_Atriles,0.0
232,category_last_Audífonos,0.0
233,category_last_Auriculares,0.009287831
234,category_last_Auriculares y Manos Libres,0.0
235,category_last_Autobronceantes,0.0
236,category_last_Automodelismo,0.0
237,category_last_Autos a Batería,0.0
238,category_last_Autos de Juguete,0.0
239,category_last_Azadas,0.0
240,category_last_Azúcar,0.0
241,category_last_BB Cream,0.0
242,category_last_Baberos para Comer,0.0
243,category_last_Babitas,0.0
244,category_last_Baby Calls,0.0
245,category_last_Bachas de Cocina,0.0
246,category_last_Bachas para Baño,0.0
247,category_last_Bajo Mesadas,0.0
248,category_last_Bajos,0.0
249,category_last_Balanzas Comerciales,0.0
250,category_last_Balanzas de Baño,0.0024126666
251,category_last_Balanzas de Cocina,0.0
252,category_last_Balanzas de Precisión,0.0
253,category_last_Balanzas para Valijas,0.0
254,"category_last_Baldes, Palanganas y Fuentones",0.005425905
255,category_last_Baldosas de Cemento,0.0
256,category_last_Balines,0.0
257,category_last_Balizas,0.0
258,category_last_Banco de Trabajo,0.0
259,category_last_Bancos,0.0
260,category_last_Bancos y Banquetas,0.0
261,category_last_Bandas Depilatorias,0.0
262,category_last_Bandas Elásticas,0.0
263,category_last_Bandas de Suspensión,0.0
264,category_last_Bandas para Cintas de Correr,0.0
265,category_last_Bandejas,0.0
266,category_last_Bandejas Portapapeles,0.0
267,"category_last_Bandejas, Asaderas y Fuentes",0.0
268,category_last_Banderas,0.0
269,category_last_Banderines,0.0
270,category_last_Banderines y Guirnaldas,0.0
271,category_last_Banquetas,0.0
272,category_last_Barandas,0.0
273,category_last_Barbijos,0.0
274,category_last_Barbijos Antipolvo,0.0
275,category_last_Barcos Antiguos y Fragatas,0.0
276,category_last_Barrales Antipánico,0.0
277,category_last_Barrales de Suspensión,0.0
278,category_last_Barrales para Cortinas,0.0
279,category_last_Barras LED,0.0
280,category_last_Barras Push Up,0.0
281,category_last_Barras de Cereal,0.0
282,category_last_Barras de Silicona,0.0
283,category_last_Barras para Dominadas,0.0
284,category_last_Barre Migas,0.0
285,category_last_Barrefondos,0.0
286,category_last_Barretas,0.0
287,category_last_Barriletes - Cometas,0.0
288,category_last_Bases,0.0
289,category_last_Bases de Maquillaje,0.0
290,category_last_Bases para Butacas,0.0
291,category_last_Bases para Sommiers,0.0
292,category_last_Bastones,0.0
293,category_last_Batas,0.0
294,category_last_Batas de Baño,0.0
295,category_last_Baterías,0.0
296,category_last_Baterías Acústicas,0.0
297,category_last_Baterías Completas,0.0
298,category_last_Baterías para Cámaras,0.0
299,category_last_Bates,0.0
300,category_last_Batidoras,0.0
301,category_last_Batidores Manuales,0.0
302,category_last_Batidores de Pintura,0.0
303,category_last_Bañeras para Bebés,0.0
304,category_last_Baúles Porta Cascos,0.0
305,category_last_Baúles para Delivery,0.0
306,category_last_Bebederos,0.0
307,category_last_Bebidas Alcohólicas Preparadas,0.0
308,category_last_Bebidas Aperitivos,0.0
309,category_last_Bebidas Energizantes,0.0
310,category_last_Bencina,0.0
311,category_last_Bermudas y Shorts,0.0
312,"category_last_Bermudas, Boxers y Zungas",0.0
313,"category_last_Bermudas, Sungas y Shorts",0.0
314,category_last_Bibliotecas y Estanterías,0.0
315,category_last_Bicicletas,0.0
316,category_last_Bicicletas Fijas,0.0
317,category_last_Bidets,0.0
318,category_last_Bielas,0.0
319,category_last_Bieletas,0.0
320,category_last_Biferas,0.0
321,category_last_Billeteras,0.0
322,category_last_Binoculares,0.0
323,category_last_Biombos,0.0
324,category_last_Bisagras,0.0
325,category_last_Bisagras de Capot,0.0
326,category_last_Blanqueador Dental,0.0
327,category_last_Bloqueras,0.0
328,category_last_Bloques y Construcción,0.0
329,category_last_Blusas,0.0
330,category_last_Bochas,0.0
331,category_last_Bochas y Fundas para Palancas,0.0
332,category_last_Bodyboard,0.0
333,category_last_Bodys,0.0
334,category_last_Bolas Espejadas,0.0
335,category_last_Bolitas de Gel,0.0
336,category_last_Bolsas,0.0
337,category_last_Bolsas Ecológicas,0.0
338,category_last_Bolsas al Vacío,0.0
339,category_last_Bolsas de Colostomía,0.0
340,category_last_Bolsas de Dormir,0.0
341,category_last_Bolsas de Hidratación,0.0
342,category_last_Bolsas para Aspiradoras,0.0
343,category_last_Bolsas para Lavar Ropa,0.0
344,category_last_Bolsos,0.0
345,category_last_Bolsos Deportivos,0.0
346,category_last_Bolsos Materos,0.0
347,category_last_Bolsos Organizadores,0.0
348,category_last_Bolsos de Herramientas,0.0
349,category_last_Bolsos de Viaje,0.0
350,category_last_Bolsos para Palos,0.0
351,category_last_Bolsos y Mochilas Tácticas,0.0
352,category_last_Bolígrafos,0.0
353,category_last_Bombachas,0.001331373
354,category_last_Bombas,0.0
355,category_last_Bombas Centrífugas,0.0
356,category_last_Bombas Presurizadoras,0.0
357,category_last_Bombas Sumergibles,0.0
358,category_last_Bombas para Bidones,0.0
359,category_last_Bombas para Piletas,0.0
360,category_last_Bombillas para Mate,0.0
361,category_last_Bongos,0.0
362,category_last_Bonés,0.0
363,category_last_Boquillas,0.0
364,category_last_Borceguies,0.0
365,category_last_Boroscopios,0.0
366,category_last_Botadores,0.0
367,category_last_Botas,0.0
368,category_last_Botas y Botinetas,0.0034506598
369,category_last_Botellas Deportivas,0.0
370,category_last_Botes,0.0
371,category_last_Botines,0.0
372,category_last_Botines de Hockey,0.0
373,category_last_Botines y Zapatos,0.0
374,category_last_Botiquines,0.0
375,category_last_Boxers y Slips,0.0021223451
376,category_last_Boyas,0.0
377,category_last_Bozales,0.0
378,category_last_Brackets,0.0
379,category_last_Brandy,0.0
380,category_last_Brochas para Maquillaje,0.0
381,category_last_Bronceadores,0.0
382,category_last_Brújulas,0.0
383,category_last_Bucleras,0.0
384,category_last_Bufandas,0.0
385,category_last_Bulones,0.0
386,category_last_Bulones de Rueda,0.0
387,category_last_Burbujas,0.0
388,category_last_Burbujeros,0.0
389,category_last_Burletes,0.0021865757
390,category_last_Burros de Arranque,0.0
391,category_last_Buzones de Cartas,0.0
392,category_last_Buzos,0.0
393,category_last_Buzos y Hoodies,0.0
394,category_last_Bálsamos Labiales,0.0
395,category_last_Bípodes,0.0
396,category_last_Caballetes,0.0
397,category_last_Caballitos Mecedores,0.0
398,category_last_Cabezales,0.0
399,category_last_Cabezales para Compresores,0.0
400,category_last_Cabezas de Práctica,0.0
401,category_last_Cabinas para Uñas,0.0
402,category_last_Cableado,0.0
403,category_last_Cables,0.0
404,category_last_Cables Adaptadores,0.0
405,category_last_Cables Power,0.0
406,category_last_Cables Subterráneos,0.0
407,category_last_Cables Taller,0.0
408,category_last_Cables Unipolares,0.0
409,category_last_Cables de Apertura,0.0
410,category_last_Cables de Audio y Video,0.0
411,category_last_Cables de Bujía,0.0
412,category_last_Cables de Datos,0.008545988
413,category_last_Cables de Red,0.0
414,category_last_Cables y Adaptadores,0.0
415,category_last_Cables y Conectores,0.0
416,category_last_Cacao,0.0
417,category_last_Cadenas de Seguridad,0.0
418,category_last_Cadenas y Collares,0.0
419,category_last_Cafeteras,0.0
420,category_last_Café Instantáneo,0.0
421,category_last_Café en Granos y Molido,0.0
422,category_last_Caja de Engranajes,0.0
423,category_last_Cajas,0.0
424,category_last_Cajas Decoradas,0.0
425,category_last_Cajas Fuertes,0.0
426,category_last_Cajas Registradoras,0.0
427,category_last_Cajas de Archivo,0.0
428,category_last_Cajas de Dirección,0.0
429,category_last_Cajas de Herramientas,0.0
430,category_last_Cajas de Ingletes,0.0
431,category_last_Cajas de Paso Estancas,0.0
432,category_last_Cajas para Dinero,0.0
433,category_last_Cajas para Térmicas,0.0
434,category_last_Cajones de Madera,0.0
435,category_last_Cal,0.0
436,category_last_Caladoras,0.0
437,category_last_Calcomanías,0.0
438,category_last_Calculadoras,0.0
439,category_last_Calefones,0.0
440,category_last_Calendarios,0.0
441,category_last_Calentadores,0.0
442,category_last_Calibres,0.0
443,category_last_Calzados,0.0
444,category_last_Calzas,0.0
445,category_last_Calzas Ciclistas,0.0
446,category_last_Camas,0.0
447,category_last_Camas Elásticas,0.0
448,category_last_Camicletas,0.0
449,category_last_Camillas para Masajes,0.0
450,category_last_Camisas,0.0
451,category_last_Camisetas,0.0
452,category_last_Camisetas Térmicas,0.0
453,category_last_Camisetas y Remeras,0.0
454,"category_last_Camisetas, Remeras y Chombas",0.0
455,category_last_Camisones,0.0
456,category_last_Campanas,0.0
457,category_last_Camperas,0.0
458,"category_last_Camperas, Tapados y Trenchs",0.0
459,category_last_Canastos,0.0
460,category_last_Canastos para Bicicleta,0.0
461,category_last_Candados,0.0
462,category_last_Candados y Cables de Seguridad,0.0
463,category_last_Canillas para Cerveza Tirada,0.0
464,category_last_Canilleras,0.0
465,category_last_Capacitores,0.0
466,category_last_Capas,0.0
467,category_last_Capas Impermeables,0.0
468,category_last_Capotrastes,0.0
469,category_last_Carameleras,0.0
470,category_last_Caravanas,0.0
471,category_last_Carburadores,0.0
472,category_last_Carcasas,0.0
473,category_last_Carcasas para Cortadoras,0.0
474,category_last_Cardigans y Saquitos,0.0
475,category_last_Cargadores,0.0
476,category_last_Cargadores con Cable,0.0
477,category_last_Cargadores de Baterías,0.0
478,category_last_Cargadores de Controles,0.0058639674
479,category_last_Cargadores para Cámaras,0.0
480,category_last_Cargadores y Fuentes,0.0
481,category_last_Carpas,0.0
482,category_last_Carpas para Cultivo Indoor,0.0
483,category_last_Carpas para Niños,0.0
484,category_last_Carpetas y Biblioratos,0.0
485,category_last_Carreteles,0.0
486,category_last_Carretillas,0.0
487,category_last_Carritos de Supermercado,0.0
488,category_last_Carritos para Compras,0.0
489,category_last_Carros Plataforma,0.0
490,category_last_Carros Zorra,0.0
491,category_last_Carros de Traslación,0.0
492,category_last_Carros de limpieza,0.0
493,category_last_Cartas Coleccionables R.P.G.,0.0
494,category_last_Cartas Didácticas,0.0
495,category_last_Carteles,0.0
496,category_last_Carteles Decorativos,0.0
497,category_last_Carteles Luminosos,0.0018127684
498,category_last_Carteles sin Luz,0.0
499,category_last_Carteles y Letreros,0.0
500,category_last_Carteras,0.0
501,category_last_Cartucheras,0.0
502,category_last_Cartucheras Portaherramientas,0.0
503,category_last_Cartuchos para Afeitadoras,0.0
504,category_last_Casas para Muñecas y Muñecos,0.0
505,category_last_Casas para Pájaros,0.0
506,category_last_Cascos,0.0
507,category_last_Cascos VR,0.0
508,category_last_Catres,0.0
509,category_last_Cavas Conservadoras,0.0
510,category_last_Cazoletas,0.0
511,category_last_Cañas,0.0
512,category_last_Celulares y Smartphones,0.0048418515
513,category_last_Cencerros,0.0
514,category_last_Ceniceros,0.0
515,category_last_Centrales Multimedia,0.0
516,category_last_Centro de Actividades,0.0
517,category_last_Centrífugas Digitales,0.0
518,category_last_Cepilladoras,0.0
519,category_last_Cepillos,0.0
520,category_last_Cepillos Alisadores,0.0
521,category_last_Cepillos Eléctricos Faciales,0.0
522,category_last_Cepillos Globales,0.0
523,category_last_Cepillos Interdentales,0.0
524,category_last_Cepillos Rotativos,0.0
525,category_last_Cepillos de Alambre,0.0
526,category_last_Cepillos de Dientes,0.0
527,category_last_Cepillos y Peines,0.0
528,category_last_Cera Depilatoria,0.0
529,category_last_Cera para Ortodoncia,0.0
530,category_last_Cercos de Jardín,0.0
531,category_last_Cerraduras de Baúl,0.0
532,category_last_Cerraduras de Capot,0.0
533,category_last_Cervezas,0.0
534,category_last_Cerámicas,0.0
535,category_last_Cestos Papeleros,0.0
536,category_last_Cestos de Residuos,0.0
537,category_last_Cestos para Ropa,0.0
538,category_last_Chalecos,0.0
539,category_last_Chalecos Reflectivos,0.0
540,category_last_Chalecos con Peso,0.0
541,category_last_Champagnes,0.0
542,category_last_Chapas,0.0
543,category_last_Chapas Identificatorias,0.0
544,category_last_Chapones Cubrecarters,0.0
545,category_last_Chatitas,0.0
546,category_last_Chocolates,0.0
547,category_last_Chombas,0.0
548,category_last_Choperas Manuales,0.0
549,category_last_Chupetes,0.0
550,category_last_Ciclocomputadoras,0.0
551,category_last_Cielo Raso,0.0
552,category_last_Cierra Empanadas,0.0
553,category_last_Cierres,0.0
554,category_last_Cierres Centralizados,0.0
555,category_last_Cigarreras,0.0
556,category_last_Cinceles y Formones,0.0
557,category_last_Cinta Aisladora,0.0
558,category_last_Cinta Antideslizante,0.0
559,category_last_Cintas,0.0
560,category_last_Cintas Adhesivas,0.0
561,category_last_Cintas Kinesiológicas,0.0
562,category_last_Cintas Métricas,0.0
563,category_last_Cintas Reflectivas,0.0
564,category_last_Cintas de Amarre,0.0
565,category_last_Cintas de Embalaje,0.0
566,category_last_Cintas de Peligro,0.0
567,category_last_Cintas para Correr,0.0
568,category_last_Cintas para Rotuladoras,0.0
569,category_last_Cinturones,0.0
570,category_last_Cinturones Abdominales,0.0
571,category_last_Cinturones de Seguridad,0.0
572,category_last_Circulares,0.0
573,category_last_Claquetas de Cine,0.0
574,category_last_Clavadoras,0.0
575,category_last_Clavijas,0.0
576,category_last_Clavos,0.0
577,category_last_Clickers,0.0
578,category_last_Climatizadores Portátiles,0.0
579,category_last_Clipcords,0.0
580,category_last_Cloro para Piletas,0.0
581,category_last_Cochecitos para Bebés,0.0
582,category_last_Cochecitos para Muñecas,0.0
583,category_last_Cocinas,0.0
584,category_last_Cocinas Industriales,0.0
585,category_last_Cocinas de Juguete,0.0
586,category_last_Cognac,0.0
587,category_last_Coladores,0.0
588,category_last_Colchas y Cubrecamas,0.0
589,category_last_Colchones,0.0
590,category_last_Colchones Antiescaras,0.0
591,category_last_Colchones Inflables,0.0
592,category_last_Colchonetas,0.0
593,category_last_Collares,0.0
594,category_last_Collares Cervicales,0.0
595,category_last_Collares y Pulseras,0.0
596,category_last_Columnas de Ducha,0.0
597,category_last_Combinadas,0.0
598,category_last_Comederos,0.0
599,category_last_Comederos y Bebederos,0.0
600,category_last_Composteras,0.0
601,category_last_Compoteras y Bowls,0.0
602,category_last_Compresores,0.0
603,category_last_Computadoras Didácticas,0.0
604,category_last_Conectores,0.0
605,category_last_Conjuntos,0.0
606,category_last_Conjuntos Deportivos,0.0
607,category_last_Conjuntos para Ciclismo,0.0
608,category_last_Conos,0.0
609,category_last_Conos de Seguridad,0.0
610,category_last_Consolas,0.0
611,category_last_Consolas de Sonido,0.0
612,category_last_Contadoras de Billetes,0.0
613,category_last_Contenedores de Alimento,0.0
614,category_last_Controladores,0.0
615,category_last_Controladores Midi,0.0
616,category_last_Controladores de Asistencia,0.0
617,category_last_Controles Remotos,0.0
618,category_last_Controles Remotos para Portón,0.0
619,category_last_Conversor,0.0
620,category_last_Conversores de Audio y Video,0.0
621,category_last_Conversores de TV,0.0
622,category_last_Cooktop,0.0
623,category_last_Coolers para PC,0.0
624,category_last_Copas,0.0
625,category_last_Copas Menstruales,0.0
626,category_last_Corbatas,0.0
627,category_last_Cordones,0.0
628,category_last_Coronas y Vinchas,0.0
629,category_last_Corpiños,0.0
630,category_last_Correas,0.0
631,category_last_Correas de Muñeca,0.0
632,category_last_Correctores,0.0
633,category_last_Correctores de Juanetes,0.0
634,category_last_Corredoras Telescópicas,0.0
635,category_last_Cortacerco,0.0
636,category_last_Cortadoras,0.0
637,category_last_Cortadoras de Cerámica,0.0
638,category_last_Cortadoras de Concreto,0.0
639,category_last_Cortadoras de Pelo,0.003390517
640,category_last_Cortadoras de Plasma,0.0
641,category_last_Cortadoras de Vidrios,0.0
642,category_last_Cortadoras y Trituradoras,0.0
643,category_last_Cortantes,0.0
644,category_last_Cortaplumas,0.0
645,category_last_Cortinas Frigoríficas,0.0
646,category_last_Cortinas de Baño,0.0005500866
647,category_last_Cortinas de Cabello,0.0
648,category_last_Cortinas y Persianas,0.0
649,category_last_Crayones,0.0
650,category_last_Crema para Peinar,0.0
651,category_last_Cremas,0.0
652,category_last_Cremas Depilatorias,0.0
653,category_last_Cremas de Avellanas,0.0
654,category_last_Cremas para Manos y Pies,0.0
655,category_last_Criollas,0.0
656,category_last_Cromados,0.0
657,category_last_Cronómetros ,0.0
658,category_last_Cuadernos,0.0
659,category_last_Cuadros,0.0
660,category_last_Cubeteras,0.0
661,category_last_Cubiertas de Bicicleta,0.0
662,category_last_Cubiertas para Motos,0.0
663,category_last_Cubiertos,0.0
664,category_last_Cubos de Hielo Reutilizables,0.0
665,category_last_Cubos y Repisas,0.0
666,category_last_Cubre Alfombras,0.0
667,category_last_Cubre Calipers,0.0
668,category_last_Cubre Manijas,0.0
669,category_last_Cubre Sommier,0.0
670,category_last_Cubre Volantes,0.0
671,category_last_Cubrepiletas,0.0
672,category_last_Cucharas Medidoras,0.0
673,category_last_Cucharas para Servir Helado,0.0
674,category_last_Cuchas,0.0
675,category_last_Cuchillas para Peladoras,0.0
676,category_last_Cuchillería,0.0
677,category_last_Cuellos,0.0
678,category_last_Cuidado Corporal,0.0
679,category_last_Cuidado Facial,0.0020937102
680,category_last_Cutters,0.0
681,category_last_Cutters y Trinchetas,0.0
682,category_last_Cámaras,0.0
683,category_last_Cámaras Analógicas,0.0
684,category_last_Cámaras Digitales,0.0
685,category_last_Cámaras Externas,0.0
686,category_last_Cámaras de Bicicleta,0.0
687,category_last_Cámaras de Retroceso,0.0
688,category_last_Cápsulas,0.0
689,category_last_Cápsulas y Broches para Uñas,0.0
690,category_last_Césped Sintético,0.0
691,category_last_Cómodas y Chifoniers,0.0
692,category_last_DVDs Portátiles con Pantalla,0.0
693,category_last_Dardos,0.0
694,category_last_De Banco,0.0
695,category_last_De Mano,0.0009392158
696,category_last_De Mesa y Escritorio,0.0
697,category_last_De Pared,0.0
698,category_last_De Remolque,0.0
699,category_last_De Seguridad,0.0
700,category_last_De Tejer,0.0
701,category_last_De Torsión,0.0
702,category_last_Delantales de Cocina,0.0
703,category_last_Delineadores de Ojos,0.0
704,category_last_Delineadores para Cejas,0.0
705,category_last_Depiladoras Convencionales,0.0
706,category_last_Depiladoras Definitivas,0.0
707,category_last_Descartables,0.003480321
708,category_last_Deshumidificadores,0.0
709,category_last_Desmaquillantes,0.0
710,category_last_Desodorantes,0.010801092
711,category_last_Desodorantes para Piso,0.0
712,category_last_Despolvillador de Yerba,0.0
713,category_last_Destapa Cañerías Químicos,0.0
714,category_last_Destapadores,0.0
715,category_last_Destornilladores,0.0
716,category_last_Detectores de Metales,0.0
717,category_last_Detergentes,0.0
718,category_last_Difusores Aromáticos,0.0012038369
719,category_last_Difusores y Softboxes,0.0
720,category_last_Digitales,0.0
721,category_last_Dijes,0.0
722,category_last_Dijes y Medallas,0.0
723,category_last_Discos Rígidos,0.0
724,category_last_Discos Rígidos y SSDs,0.0
725,category_last_Discos de Balance,0.0
726,category_last_Discos de Corte,0.0
727,category_last_Disfraces,0.0
728,category_last_Disipadores,0.0
729,category_last_Dispensers de Agua,0.0
730,category_last_Dispensers de Bebidas,0.0
731,category_last_Dispensers de Cereales,0.0
732,category_last_Dispensers de Jabón,0.0
733,category_last_Distribuidores,0.0
734,category_last_Divisores de Frecuencia,0.0
735,category_last_Domos para Cámaras de Acción,0.0
736,category_last_Donuts Maker,0.0
737,category_last_Dosificadores de Detergentes,0.0
738,category_last_E-readers,0.0
739,category_last_ECUs,0.0
740,category_last_Ecualizadores,0.0
741,category_last_Electrodos,0.0
742,category_last_Electroestimuladores,0.0
743,category_last_Electroporador,0.0
744,category_last_Elásticos,0.0
745,category_last_Eléctricas,0.0
746,category_last_Eléctricos,0.0034525169
747,category_last_Elípticos,0.0
748,category_last_Embragues,0.0
749,category_last_Empapelados,0.0
750,category_last_En Barra,0.0
751,category_last_Encendedores,0.0
752,category_last_Enchufe Conector,0.0
753,category_last_Encurtidos y Conservas,0.0
754,category_last_Enduídos y Masillas,0.0
755,category_last_Engrapadoras y Clavadoras,0.0
756,category_last_Enjuague Bucal,0.0
757,category_last_Ensaladeras y Bowls,0.0
758,category_last_Enteritos,0.0
759,"category_last_Enterizas, Bikinis y Trikinis",0.0
760,category_last_Envases,0.0
761,category_last_Envases Atomizadores,0.0
762,category_last_Equipos,0.0
763,category_last_Equipos Móviles,0.0
764,category_last_Equipos para Pintar,0.0
765,category_last_Escaladores,0.0
766,category_last_Escaleras,0.0
767,category_last_Escaleras de Coordinación,0.0
768,category_last_Escenarios y Sets para Muñecos,0.0
769,category_last_Escobas y Escobillones,0.0
770,category_last_Escobillas para Inodoro,0.0
771,category_last_Escolares,0.0
772,category_last_Escritorios,0.0
773,category_last_Escuadras Magnéticas,0.0
774,category_last_Escuadras de Precisión,0.0
775,category_last_Escudos,0.0
776,category_last_Esencia de Humo,0.0
777,category_last_Esmaltes,0.0
778,category_last_Esmaltes y Látex,0.0
779,category_last_Espadas,0.0
780,category_last_Espaldares Suecos,0.0
781,category_last_Espalderas,0.0
782,category_last_Especias,0.0
783,category_last_Especieros,0.0
784,category_last_Espejos,0.0
785,category_last_Espejos Retrovisores,0.0
786,category_last_Espejos para Maquillaje,0.0
787,category_last_Esponjas,0.0
788,category_last_Esponjas Faciales,0.0
789,category_last_Espumas de Afeitar,0.0
790,category_last_Espumas de Poliuretano,0.0
791,category_last_Espátulas,0.0
792,category_last_Estabilizadores,0.0
793,category_last_Estabilizadores para Cámaras,0.0
794,category_last_Estaciones de Soldado,0.0
795,category_last_Estanterías,0.0
796,category_last_Estatuas,0.0
797,category_last_Esterilizadores,0.0
798,category_last_Estetoscopios,0.0
799,category_last_Estuches,0.0
800,category_last_Estuches y Fundas,0.0
801,category_last_Estéreos,0.0
802,category_last_Etiquetadoras,0.0
803,category_last_Etiquetas,0.0
804,category_last_Etiquetas Autoadhesivas,0.0
805,category_last_Etiquetas de Tela,0.0
806,category_last_Exfoliadores de Pies y Manos,0.0
807,category_last_Exhibidoras,0.0
808,category_last_Exhibidoras de Autitos,0.0
809,category_last_Exprimidores Eléctricos,0.0
810,category_last_Exprimidores Manuales,0.0
811,category_last_Extensiones,0.0
812,category_last_Extensiones de Pestañas,0.0
813,category_last_Extractores,0.0
814,category_last_Extractores de Aire,0.0
815,category_last_Extractores de Tornillo,0.0
816,category_last_Extractores para Baños,0.0
817,category_last_Extractores y Purificadores,0.0
818,category_last_Fajas,0.0
819,category_last_Fajas Anti Ronquidos,0.0
820,category_last_Fajas Lumbares y Abdominales,0.0
821,category_last_Fajas Reductoras,0.0
822,category_last_Fanales,0.0
823,category_last_Faroles,0.0
824,category_last_Faros Traseros,0.0
825,category_last_Faros de Giro,0.0
826,category_last_Fermentadores de Cerveza,0.0
827,category_last_Fertilizantes,0.0
828,category_last_Fichas,0.0
829,category_last_Fideos,0.0
830,category_last_Fidget Spinners,0.0
831,category_last_Filamentos,0.0
832,category_last_Filmadoras y Cámaras de Acción,0.0
833,category_last_Filtros,0.0
834,category_last_Filtros Anti-Pop,0.0
835,category_last_Filtros de Aceite,0.0
836,category_last_Filtros de Agua,0.0
837,category_last_Filtros de Habitáculo,0.0
838,category_last_Filtros para Aires Ac.,0.0
839,category_last_Filtros para Lavarropas,0.0
840,category_last_Flash para Celulares,0.0
841,category_last_Flashes para Cámaras,0.0
842,category_last_Flautas,0.0
843,category_last_Flechas,0.0
844,category_last_Flores Artificiales,0.0
845,category_last_Flores de Ducha,0.00472515
846,category_last_Foam Roller,0.0
847,category_last_Focos,0.0
848,category_last_Fondue,0.0
849,category_last_Fotocontroles,0.0
850,category_last_Frazadas,0.002224683
851,category_last_Freezers,0.0
852,category_last_Freidoras,0.0
853,category_last_Fresadoras,0.0
854,category_last_Fresas,0.0
855,category_last_Frigobar,0.0
856,category_last_Frutas Secas,0.0
857,category_last_Fuelles,0.0
858,category_last_Fuentes,0.0
859,category_last_Fuentes Poe,0.0
860,category_last_Fuentes de Agua,0.0
861,category_last_Fuentes para Pedales,0.0
862,category_last_Fulares,0.0
863,category_last_Fumigadores,0.0
864,category_last_Fundas,0.0
865,category_last_Fundas Cargadoras,0.0
866,category_last_Fundas Cobertoras,0.0
867,category_last_Fundas Cubre Bicicleta,0.0
868,category_last_Fundas de Gel,0.0
869,category_last_Fundas para Almohadas,0.0
870,category_last_Fundas para Almohadones,0.0
871,category_last_Fundas para Cañas,0.0
872,category_last_Fundas para Celulares,0.0031922956
873,category_last_Fundas para Colchones,0.0
874,category_last_Fundas para Motos,0.0
875,category_last_Fundas para Sillones,0.0
876,category_last_Fundas y Carcasas Sumergibles,0.0
877,category_last_Fundas y Estuches,0.0
878,category_last_Fundidor de Cera,0.0
879,category_last_Fusores,0.0
880,category_last_Futones,0.0
881,category_last_Gabinetes,0.0
882,category_last_Gabinetes para Herramientas,0.0
883,category_last_Galletitas,0.0
884,category_last_Gamepads,0.0
885,category_last_Gamepads y Joysticks,0.0
886,category_last_Ganchos para Cortina de Baño,0.0
887,"category_last_Ganchos, Cintas y Elásticos",0.0
888,category_last_Garages-Estaciones de Servicio,0.0
889,category_last_Garrafas,0.0
890,category_last_Gasas,0.0
891,category_last_Gases Paralizadores,0.0
892,category_last_Gatillos Joystick,0.0
893,category_last_Gazebos,0.0
894,category_last_Gel para Uñas Esculpidas,0.0
895,category_last_Gift Cards,0.0
896,category_last_Gimnasios,0.0
897,category_last_Gin,0.0
898,category_last_Globos,0.0
899,category_last_Golosinas,0.0
900,category_last_Gomas de Borrar,0.0
901,category_last_Gomeras,0.0
902,category_last_Gorras,0.0
903,category_last_Gorros,0.0
904,category_last_Gorros Tácticos,0.0
905,"category_last_Gorros, Sombreros y Boinas",0.0
906,category_last_Grabadores DVR,0.0
907,category_last_Gradillas,0.0
908,category_last_Granola,0.0
909,category_last_Griferías,0.0018321126
910,category_last_Griferías Convencionales,0.0
911,category_last_Griferías Eléctricas,0.0
912,category_last_Grupos Electrógenos,0.0
913,category_last_Guantes,0.0
914,category_last_Guantes Descartables,0.0
915,category_last_Guantes de Arquero,0.0
916,category_last_Guantes y Mitones,0.0
917,category_last_Guardabarros,0.0
918,category_last_Guardapolvos,0.0
919,category_last_Gubias,0.0
920,category_last_Guitarras,0.0
921,category_last_Habanos,0.0
922,category_last_Hachas,0.0
923,category_last_Hamacas,0.0
924,category_last_Hamacas Paraguayas,0.0
925,category_last_Hand Grips,0.0
926,category_last_Handies,0.0
927,category_last_Harina,0.0
928,category_last_Heladeras,0.0
929,category_last_Heladeras Térmicas,0.0
930,category_last_Herramientas de Juguete,0.0
931,category_last_Hidrolavadoras,0.0030430786
932,category_last_Hidráulicos,0.0
933,category_last_Hieleras,0.0
934,category_last_Hilo Dental,0.0
935,category_last_Hilo Eléctrico,0.0
936,category_last_Hilos,0.0
937,category_last_Home Theaters,0.0
938,category_last_Hornos,0.0
939,category_last_Hornos Industriales,0.0
940,category_last_Hornos de Pan,0.0
941,category_last_Hoverboards,0.0
942,category_last_Hubs USB,0.0
943,category_last_Huesos,0.0
944,category_last_Huevitos y Sillitas para Autos,0.0
945,category_last_Huevos de Pascua,0.0
946,category_last_Humidores,0.0
947,category_last_Humo,0.0
948,category_last_Identificadores de Vasos,0.0
949,category_last_Iluminación Continua,0.0
950,category_last_Iluminadores,0.0
951,category_last_Imanes de Neodimio,0.0
952,category_last_Impresoras,0.0
953,category_last_Impresoras 3D,0.0
954,category_last_Impresoras de Etiquetas,0.0
955,category_last_Impresoras para Celulares,0.0
956,category_last_Inalámbricos,0.0
957,category_last_Incubadoras,0.0
958,category_last_Individuales,0.0
959,category_last_Inflables para Piscina,0.0
960,category_last_Infladores Eléctricos,0.0
961,category_last_Infladores de Mano,0.0
962,category_last_Ingletadoras,0.0
963,category_last_Inmovillizadores Eléctricos,0.0
964,category_last_Inodoros,0.0
965,category_last_Insecticidas,0.0
966,category_last_Interfaces de Audio,0.0
967,category_last_Interfaces de Guitarras,0.0
968,category_last_Interruptores Diferenciales,0.0
969,category_last_Invitaciones y Tarjetas,0.0
970,category_last_Ionizadores Solares,0.0
971,category_last_Jabones,0.0
972,category_last_Jabón Líquido para Ropa,0.0045665125
973,category_last_Jabón en Polvo,0.0
974,category_last_Jarras,0.0
975,category_last_Jarras Eléctricas,0.0
976,category_last_Jeringas,0.0
977,category_last_Jiggers,0.0
978,category_last_Joysticks,0.0
979,category_last_Juegos Completos,0.0
980,category_last_Juegos de Arrastre,0.0
981,category_last_Juegos de Comedor,0.0
982,category_last_Juegos de Encastre,0.0
983,category_last_Juegos de Living,0.0
984,category_last_Juegos de Mate,0.0
985,category_last_Juegos de Mesa,0.004045054
986,category_last_Juegos de Muebles de Jardín,0.0
987,category_last_Juegos de Sommier y Colchón,0.0
988,category_last_Juegos de Vajilla,0.0
989,category_last_Jugos Líquidos,0.0
990,category_last_Jugueras,0.0
991,category_last_Juguetes,0.0
992,category_last_Juguetes para el Baño,0.0
993,category_last_Kartings a Pedal,0.0
994,category_last_Kayaks,0.0
995,category_last_Kit de Filtros,0.0
996,category_last_Kit de Limpieza de Armas,0.0
997,category_last_Kit de Seguridad para Autos,0.0
998,category_last_Kits,0.0
999,category_last_Kits - Mouse y Teclado,0.0
1000,category_last_Kits Depilatorios,0.0
1001,category_last_Kits Escolares,0.0
1002,category_last_Kits Imprimibles para Fiestas,0.0
1003,category_last_Kits de Antenas Parabólicas,0.0
1004,category_last_Kits de Arte para Niños,0.0
1005,category_last_Kits de Barras y Discos,0.0
1006,category_last_Kits de Bombas y Filtros,0.0
1007,category_last_Kits de Cuidado de la Piel,0.0
1008,category_last_Kits de Cuidado para Bebés,0.0
1009,category_last_Kits de Estéreos y Parlantes,0.0
1010,category_last_Kits de Herramientas,0.0
1011,category_last_Kits de Limpieza de Cámaras,0.0
1012,category_last_Kits de Limpieza de Piscina,0.0
1013,category_last_Kits de Manifolds,0.0
1014,category_last_Kits de Monitoreo,0.0
1015,category_last_Kits de Rulemanes y Sellos,0.0
1016,category_last_Kits de Trenes Delanteros,0.0
1017,category_last_Kits de Xenón,0.0
1018,category_last_Kits para Barba,0.0
1019,category_last_Kits para Manicura,0.0
1020,category_last_Kits para Minitornos,0.0
1021,category_last_Kits para Uñas Gelificadas,0.0
1022,category_last_LED,0.0
1023,category_last_Labiales,0.0
1024,category_last_Ladrillos de Vidrio,0.0
1025,category_last_Ladrillos para Pilates y Yoga,0.0
1026,category_last_Lampazos y Mopas,0.0051745637
1027,category_last_Lanas,0.0
1028,category_last_Lapiceras,0.0
1029,category_last_Laptops,0.0
1030,category_last_Lasers,0.0
1031,category_last_Latas,0.0
1032,category_last_Latas y Botellas,0.0
1033,category_last_Lavandinas,0.0
1034,category_last_Lavarropas y Lavasecarropas,0.0
1035,category_last_Lavavajillas,0.0
1036,category_last_Leche,0.0
1037,category_last_Leche Maternizada,0.0
1038,category_last_Lectores de Código de Barras ,0.0
1039,category_last_Lectores de Huellas Digitales,0.0
1040,category_last_Lectores de Memorias,0.0
1041,category_last_Lectores de Tarjetas,0.0
1042,category_last_Leds,0.0
1043,category_last_Lentes,0.0
1044,category_last_Lentes de Realidad Virtual,0.0
1045,category_last_Lentes para Ciclismo,0.0
1046,category_last_Lentes sin Graduación,0.0
1047,category_last_Leñeros,0.0
1048,category_last_Libros,0.0
1049,category_last_Licores,0.0
1050,category_last_Licuadoras,0.0
1051,category_last_Lijadoras,0.0
1052,category_last_Lijas,0.0
1053,category_last_Limas,0.0
1054,category_last_Limpia Vidrios Magnéticos,0.0
1055,category_last_Limpiadores Multiuso,0.0
1056,category_last_Limpiadores a Vapor,0.0
1057,category_last_Limpiadores de Cuero,0.0
1058,category_last_Limpiadores de Oídos,0.0
1059,category_last_Limpiadores de Pantallas,0.0
1060,category_last_Lingas,0.0
1061,category_last_Lingas de Equipaje,0.0
1062,category_last_Literas,0.0
1063,category_last_Llamadores de Ángeles,0.0
1064,category_last_Llanas y Fratachos,0.0
1065,category_last_Llantas de Autos y Camionetas,0.0
1066,category_last_Llantas para Camiones,0.0
1067,category_last_Llaveros,0.0
1068,category_last_Llaveros de Promoción,0.0
1069,category_last_Llaves,0.0
1070,category_last_Llaves Conmutadoras,0.0
1071,category_last_Llaves de Impacto,0.0
1072,category_last_Llaves de Luz,0.0
1073,category_last_Localizadores de Llaves,0.0
1074,category_last_Lociones,0.0
1075,category_last_Lonas Playeras,0.0
1076,category_last_Longboards,0.0
1077,category_last_Lubricantes,0.0
1078,category_last_Luces,0.0
1079,category_last_Luces Led Profesionales,0.0
1080,category_last_Luces Led para Inodoros,0.0
1081,category_last_Luces Sumergibles,0.0
1082,category_last_Luces de Emergencia,0.0
1083,category_last_Luces de Navidad,0.0
1084,category_last_Luces para Piletas,0.0
1085,category_last_Luncheras Escolares,0.0
1086,category_last_Lupas,0.0
1087,category_last_Lustradoras,0.0
1088,category_last_Luxómetros,0.0
1089,category_last_Lámpara Solar,0.0
1090,category_last_Lámparas,0.0
1091,category_last_Lámparas RGB,0.0
1092,category_last_Lámparas Repelentes,0.0
1093,category_last_Lámparas USB,0.0
1094,category_last_Lámparas de Lava,0.0
1095,category_last_Lámparas de Pared,0.0
1096,category_last_Lámparas de Pie,0.0
1097,category_last_Lámparas de Sal,0.0
1098,category_last_Lámparas de Techo,0.0023443396
1099,category_last_Lápices,0.0
1100,category_last_Lápices Detectores,0.0
1101,category_last_Lápices Ópticos,0.0
1102,category_last_Lásers Profesionales,0.0010240044
1103,category_last_Líquido,0.0
1104,category_last_Líquidos,0.0
1105,category_last_Macetas,0.0
1106,category_last_Maceteros,0.0
1107,category_last_Machetes,0.0
1108,category_last_Maletines,0.0
1109,category_last_Maletines de Herramientas,0.0
1110,category_last_Maletines de Maquillaje,0.0
1111,category_last_Mallas,0.0
1112,category_last_Mamaderas,0.0
1113,category_last_Mamushkas,0.0
1114,category_last_Mancuernas y Pesas,0.0
1115,category_last_Manga,0.0
1116,category_last_Mangas Pasteleras,0.0
1117,category_last_Mangas de Compresión,0.0
1118,category_last_Mangueras,0.0
1119,category_last_Mangueras de Admisión,0.0
1120,category_last_Manijas,0.0
1121,category_last_Manijas y Picaportes de Puerta,0.0
1122,category_last_Manijones,0.0
1123,category_last_Manoplas,0.0
1124,category_last_Mantas,0.0
1125,category_last_Mantas para Sillones,0.0
1126,category_last_Manteles,0.0
1127,category_last_Manuales,0.0
1128,category_last_Marcadores y Resaltadores,0.0
1129,category_last_Marcos de Anteojos,0.0
1130,category_last_Marcos para Espejos,0.0
1131,category_last_Marcos para Estéreos,0.0
1132,category_last_Martillos,0.0
1133,category_last_Martillos Demoledores,0.0
1134,category_last_Masas y Plastilina,0.0
1135,category_last_Matafuegos,0.0
1136,category_last_Mates,0.0
1137,category_last_Mats,0.0
1138,category_last_Mazas,0.0
1139,category_last_Mazas de Ruedas,0.0
1140,category_last_Mechas,0.0
1141,category_last_Medallas,0.0
1142,category_last_Media Streaming,0.0
1143,category_last_Medias,0.0009064074
1144,category_last_Medias de Compresión,0.0
1145,category_last_Medias de Fútbol,0.0
1146,category_last_Medias de Neoprene,0.0
1147,category_last_Medias de Trabajo,0.0
1148,category_last_Medicine Balls,0.0
1149,category_last_Medidores,0.0
1150,category_last_Medidores de Distancia,0.0
1151,category_last_Medidores de Humedad,0.0
1152,category_last_Medidores de Ph,0.0
1153,category_last_Megáfonos,0.0
1154,category_last_Melódicas,0.0
1155,category_last_Membrana Asfáltica,0.0
1156,category_last_Memorias,0.0
1157,category_last_Memorias RAM,0.0
1158,category_last_Mermeladas,0.0
1159,category_last_Mesadas,0.0
1160,category_last_Mesas Didácticas,0.0
1161,category_last_Mesas Laterales,0.0
1162,category_last_Mesas Ratonas,0.0
1163,category_last_Mesas de Apoyo,0.0
1164,category_last_Mesas de Camping,0.0
1165,category_last_Mesas de Comedor y Cocina,0.0
1166,category_last_Mesas de Computación,0.0
1167,category_last_Mesas de Jardín,0.0
1168,category_last_Mesas de Luz,0.0
1169,category_last_Mesas y Sillas para Niños,0.0
1170,category_last_Metegoles,0.0
1171,category_last_Metrónomos,0.0
1172,category_last_Microdermoabrasión,0.0
1173,category_last_Microondas,0.0
1174,category_last_Microscopios,0.0
1175,category_last_Micrófonos,0.0
1176,category_last_Micrófonos de Karaoke,0.0
1177,category_last_Mineras,0.0
1178,category_last_Mini Compresores,0.0033845666
1179,category_last_Mini Drones,0.0
1180,category_last_Mini Estudios Fotográficos,0.0
1181,category_last_Minicomponentes,0.0
1182,category_last_Minipimers,0.0
1183,category_last_Minitornos,0.0
1184,category_last_Mixers de DJs,0.0
1185,category_last_Mocasines y Oxfords,0.0
1186,category_last_Mochilas,0.0029100345
1187,category_last_Mochilas y Bolsos,0.0
1188,category_last_Mochilas y Bolsos Maternales,0.0
1189,category_last_Modelado y Peinado,0.0
1190,category_last_Moisés y Catres,0.0
1191,category_last_Moldes,0.0
1192,category_last_Moldes de Jardín,0.0
1193,category_last_Moldes para Uñas Esculpidas,0.0
1194,category_last_Molduras,0.0
1195,category_last_Molinillos de Granos Manuales,0.0
1196,category_last_Monitores,0.0
1197,category_last_Monitores de Estudio,0.0
1198,category_last_Monitores de Vigilancia,0.0
1199,category_last_Monopatines,0.0
1200,category_last_Monopies,0.0
1201,category_last_Mordillos,0.0
1202,category_last_Morrales,0.0
1203,category_last_Morsas,0.0
1204,category_last_Morteros,0.0
1205,category_last_Mosquetones,0.0
1206,category_last_Mosquiteros,0.0
1207,category_last_Motherboards,0.0
1208,category_last_Motobombas,0.0
1209,category_last_Motocultivadores,0.0
1210,category_last_Motores,0.0
1211,category_last_Motores Eléctricos,0.0
1212,category_last_Motores para Lavarropas,0.0
1213,category_last_Motores para Portón,0.0
1214,category_last_Motos,0.0
1215,category_last_Motosierras Eléctricas,0.0
1216,category_last_Motosierras a Explosión,0.0
1217,category_last_Mouse Pads,0.0
1218,category_last_Mouses,0.0
1219,category_last_Muebles para Baño,0.0
1220,category_last_Muebles para TV,0.0
1221,category_last_Multigimnasios,0.0
1222,category_last_Multímetros,0.0
1223,category_last_Muñecas y Bebotes,0.0
1224,category_last_Muñecos de Estimulación,0.0
1225,category_last_Muñecos y Figuras de Acción,0.0
1226,category_last_Máquinas Detectoras,0.0
1227,category_last_Máquinas Multijuegos,0.0
1228,category_last_Máquinas de Copos de Nieve,0.0
1229,category_last_Máquinas de Coser,0.0
1230,category_last_Máquinas de Cupcakes,0.0
1231,category_last_Máquinas de Helado,0.0
1232,category_last_Máquinas para Broches,0.0
1233,category_last_Máquinas para Helados,0.0
1234,category_last_Máquinas para Pastas,0.002930724
1235,category_last_Máquinas para Pochoclo,0.0
1236,category_last_Máquinas para Soda,0.0
1237,category_last_Máscaras,0.0
1238,category_last_Máscaras Faciales,0.0
1239,category_last_Máscaras de Respiración,0.0
1240,category_last_Máscaras para Entrenamiento,0.0
1241,category_last_Máscaras para Pies,0.0
1242,category_last_Máscaras para Soldar,0.0055978624
1243,category_last_Módulos de Luces,0.0
1244,category_last_Música,0.0
1245,category_last_Naipes de Poker,0.0
1246,category_last_Narguiles,0.0
1247,category_last_Navajas de Afeitar,0.0
1248,category_last_Navajas y Cuchillos,0.0
1249,category_last_Navajas y Cuchillos Antiguos,0.0060129375
1250,category_last_Navegadores Náuticos,0.0
1251,category_last_Nebulizadores,0.0
1252,category_last_Neceseres,0.0
1253,category_last_Neon,0.0
1254,category_last_Neumaticas,0.0
1255,category_last_Neumáticos de Auto y Camioneta,0.0
1256,category_last_Nido de Contención,0.0
1257,category_last_Nivel Láser,0.0
1258,category_last_Nivel Óptico,0.0
1259,category_last_Niveladores de Porcelanato,0.0
1260,category_last_Notas Adhesivas,0.0
1261,category_last_Notebooks,0.0
1262,category_last_Nylons,0.0
1263,category_last_Números Residenciales,0.0
1264,category_last_Ojales,0.0
1265,category_last_Oleo Calcáreo,0.0
1266,category_last_Ollas,0.0
1267,category_last_Organizadores Colgantes,0.0
1268,category_last_Organizadores de Alacena,0.0
1269,category_last_Organizadores de Bacha,0.0
1270,category_last_Organizadores de Baño,0.0
1271,category_last_Organizadores de Cartera,0.0
1272,category_last_Organizadores de Cubiertos,0.0
1273,category_last_Organizadores de Escobas,0.0
1274,category_last_Organizadores de Escritorio,0.0
1275,category_last_Organizadores de Herramientas,0.0
1276,category_last_Organizadores de Maquillaje,0.0
1277,category_last_Organizadores de Pañales,0.0
1278,category_last_Organizadores de Ropa Interior,0.0
1279,category_last_Organizadores de Valijas,0.0
1280,category_last_Organizadores para Cochecitos,0.0
1281,category_last_Otras,0.0
1282,category_last_Otras Armas,0.0
1283,category_last_Otras Herramientas,0.0
1284,category_last_Otras Infusiones,0.0
1285,category_last_Otras Linternas,0.0
1286,category_last_Otras Piletas,0.0
1287,category_last_Otras Prendas,0.0
1288,category_last_Otros,0.0034138102
1289,category_last_Otros Accesorios,0.0
1290,category_last_Otros Artículos,0.0
1291,category_last_Otros Cables,0.0
1292,category_last_Otros Componentes,0.0
1293,category_last_Otros Frenos,0.0
1294,category_last_Otros Herrajes,0.0
1295,category_last_Otros Instrumentos,0.0
1296,category_last_Otros Masajeadores,0.0
1297,category_last_Otros Materiales,0.0
1298,category_last_Otros Repuestos,0.0
1299,category_last_Otros Tipos,0.0
1300,category_last_Otros Utensilios de Jardinería,0.0
1301,category_last_Otros Zapatos,0.0
1302,category_last_Oxímetros,0.0
1303,category_last_Ozonizadores,0.0
1304,category_last_PC,0.0
1305,category_last_Pads,0.0
1306,category_last_Pads de Práctica,0.0
1307,category_last_Paelleras,0.0
1308,category_last_Palas,0.0
1309,category_last_Palas de Basura,0.0
1310,category_last_Palas y Espátulas,0.0
1311,category_last_Paletas,0.0
1312,category_last_Paletas Playeras,0.0
1313,category_last_Palillos,0.0
1314,category_last_Palmetas y Focos,0.0
1315,category_last_Palos,0.0
1316,category_last_Pancheras,0.0
1317,category_last_Panquequeras,0.0
1318,category_last_Pantallas,0.0
1319,category_last_Pantallas para Lámparas,0.0
1320,category_last_Pantalones,0.0012688589
1321,category_last_Pantalones Largos,0.0
1322,category_last_Pantalones y Jeans,0.0
1323,category_last_Pantalones y Joggings,0.0
1324,"category_last_Pantalones, Jeans y Joggings",0.0
1325,category_last_Panties,0.0
1326,category_last_Pantuflas,0.0
1327,category_last_Papel Aluminio,0.0
1328,category_last_Papel Film,0.0
1329,category_last_Papeles,0.0
1330,category_last_Papeles Hectográficos,0.0
1331,category_last_Papeles Higiénicos,0.0
1332,category_last_Papilla,0.0
1333,category_last_Para Auriculares,0.0
1334,category_last_Para Cámaras Instantáneas,0.0
1335,category_last_Para Guitarras,0.0
1336,category_last_Para Lavarropas,0.0
1337,category_last_Para TV,0.0
1338,category_last_Paraguas,0.0
1339,category_last_Parches,0.0
1340,category_last_Parches y Escudos,0.0
1341,category_last_Parlantes,0.0
1342,category_last_Parlantes Externos,0.0
1343,category_last_Parlantes Portátiles,0.0
1344,category_last_Parlantes y Bafles,0.000769536
1345,category_last_Parrillas Eléctricas,0.0
1346,category_last_Parrillas para Hornallas,0.0
1347,category_last_Pasadores,0.0
1348,category_last_Pastas de Dientes,0.0
1349,category_last_Pata Pata,0.0
1350,category_last_Patines y Rollers,0.0
1351,category_last_Pavas,0.0
1352,category_last_Pañales,0.0
1353,category_last_Pañales para Adultos,0.0
1354,category_last_Paños,0.0
1355,category_last_Paños de Joyería,0.0
1356,category_last_Pañuelos Descartables,0.0
1357,category_last_Pecheras,0.0
1358,category_last_Pecheras de Entrenamiento,0.0
1359,category_last_Pedalboards,0.0
1360,category_last_Pedaleras,0.0
1361,category_last_Pedales,0.0
1362,category_last_Pedales y Pedaleras de Efectos,0.0
1363,category_last_Pegamentos,0.0
1364,category_last_Pegamentos Universales,0.0
1365,category_last_Peines,0.0
1366,category_last_Peines Barberos,0.0
1367,category_last_Peines y Cepillos,0.0
1368,category_last_Peladoras Caninas,0.0
1369,category_last_Pelapapas,0.0
1370,category_last_Pelelas,0.0
1371,category_last_Pelotas,0.0
1372,category_last_Pelotas Playeras,0.0
1373,category_last_Pelotas para Peloteros,0.0
1374,category_last_Peloteros,0.0
1375,category_last_Pelucas,0.0
1376,category_last_Peluches,0.0
1377,category_last_Pendrives,0.0
1378,category_last_Peras de Boxeo,0.0
1379,category_last_Perchas,0.0
1380,category_last_Percheros,0.0
1381,category_last_Perfumeros,0.0
1382,category_last_Perfumes,0.0
1383,category_last_Perfumes para Ropa,0.0
1384,category_last_Perillas,0.0
1385,category_last_Persianas,0.0
1386,category_last_Pestañas Postizas,0.0
1387,category_last_Pianos Digitales,0.0
1388,category_last_Pianos y Organos,0.0
1389,category_last_Picadoras de Carne Eléctricas,0.0
1390,category_last_Picanas,0.0
1391,category_last_Piedras Energéticas,0.0
1392,category_last_Piedras Sanitarias,0.0
1393,category_last_Piercings,0.0
1394,category_last_Pies,0.0
1395,category_last_Pies de Apoyo,0.0
1396,category_last_Pies de Micrófono,0.0
1397,category_last_Pies y Soportes,0.0
1398,category_last_Pijamas,0.0
1399,category_last_Pilas,0.0
1400,category_last_Piletas Inflables,0.0
1401,category_last_Piletas de Lona,0.0
1402,category_last_Pinceles,0.0
1403,category_last_Pinceles para Uñas,0.0
1404,category_last_Pins,0.0
1405,category_last_Pinturas Protectoras,0.0
1406,category_last_Pinturas en Aerosol,0.0
1407,category_last_Pinturas para Ladrillos,0.0
1408,category_last_Pinturas para Pisos,0.0
1409,category_last_Pinturas para Techos,0.0
1410,category_last_Pinzas,0.0
1411,category_last_Pinzas Amperimétricas,0.0
1412,category_last_Pinzas Boga Grip,0.0
1413,category_last_Pinzas Crimpeadoras,0.0
1414,category_last_Pinzas Multifunción,0.0
1415,category_last_Pinzas Odontológicas,0.0
1416,category_last_Pinzas Pelacables,0.0
1417,category_last_Pinzas Pico de Loro,0.0
1418,category_last_Pinzas Universales,0.0
1419,category_last_Pinzas de Presión,0.0
1420,category_last_Pinzas de Punta,0.0
1421,category_last_Pinzas para Caravanas,0.0
1422,category_last_Pirograbadores,0.0
1423,category_last_Pisco,0.0
1424,category_last_Pisos Vinílicos,0.0
1425,category_last_Pisos de Goma,0.0
1426,category_last_Pisos de Madera,0.0
1427,category_last_Pisos de Piedra,0.0
1428,category_last_Pistas y Lanzadores de Autos,0.0
1429,category_last_Pistolas Encoladoras,0.0
1430,category_last_Pistolas Etiquetadoras de Ropa,0.0
1431,category_last_Pistolas de Agua,0.0
1432,category_last_Pistolas de Calor,0.0
1433,category_last_Pistolas para Pintar,0.0
1434,category_last_Pistolas y Escopetas,0.0
1435,category_last_Pizarras,0.0
1436,category_last_Pizarras Mágicas,0.0
1437,category_last_Pizarras Tácticas,0.0
1438,category_last_Pizarras y Pizarrones,0.0
1439,category_last_Piñatas,0.0
1440,category_last_Placares y Roperos,0.0
1441,category_last_Placas MDF,0.0
1442,category_last_Placas de Construcción,0.0
1443,category_last_Placas de Red,0.0
1444,category_last_Placas de Sonido,0.0
1445,category_last_Placas de Video,0.0
1446,category_last_Planchas,0.0022969432
1447,category_last_Planchas de Corte,0.0
1448,category_last_Planchitas de Pelo,0.0
1449,category_last_Plantas,0.0
1450,category_last_Plantas Artificiales,0.0
1451,category_last_Plantillas,0.0
1452,category_last_Plaquetas para Heladeras,0.0
1453,category_last_Plaquetas para Lavarropas,0.0
1454,category_last_Plastificadoras,0.0
1455,category_last_Platillos,0.0
1456,category_last_Platos,0.0
1457,category_last_Plomadas,0.0
1458,category_last_Pluviómetros Analógicos,0.0
1459,category_last_Pochocleras,0.0023410725
1460,category_last_Pochoclos,0.0
1461,category_last_Polarizado,0.0
1462,category_last_Poleas,0.0
1463,category_last_Poleas de Alternador,0.0
1464,category_last_Poleas de Cigüeñal,0.0
1465,category_last_Polleras,0.0
1466,category_last_Polvos,0.0
1467,category_last_Porcelanatos,0.0
1468,category_last_Porta Bicicletas para Auto,0.0
1469,category_last_Porta Caramañolas,0.0
1470,category_last_Porta Celulares,0.0
1471,category_last_Porta Cepillos de Dientes,0.0
1472,category_last_Porta Cereales,0.0
1473,category_last_Porta Chupetes,0.0
1474,category_last_Porta Credenciales,0.0
1475,category_last_Porta Documentos y Tarjetas,0.0
1476,category_last_Porta Fusiles,0.0
1477,category_last_Porta Latas y Botellas,0.0
1478,category_last_Porta Llaves,0.0
1479,category_last_Porta Macetas,0.0
1480,category_last_Porta Mamaderas,0.0
1481,category_last_Porta Papel Higiénico,0.0
1482,category_last_Porta Sahumerios,0.0
1483,category_last_Portaequipajes,0.0
1484,category_last_Portafolios,0.0
1485,category_last_Portalámparas,0.0
1486,category_last_Portaminas,0.0
1487,category_last_Portarretratos,0.0
1488,category_last_Portavelas,0.0
1489,category_last_Porteros Eléctricos,0.0
1490,category_last_Portátiles,0.0012775905
1491,category_last_Post Solar,0.0
1492,category_last_Posters,0.0
1493,category_last_Pouchs,0.0
1494,category_last_Practicunas,0.0
1495,category_last_Preamplificadores,0.0
1496,category_last_Precintos,0.0
1497,category_last_Precintos Manuales,0.0
1498,category_last_Prendedores y Broches,0.0
1499,category_last_Prensas Esquineras,0.0
1500,category_last_Prensas Sargento,0.0
1501,category_last_Prensatelas,0.0
1502,category_last_Presentadores de Diapositivas,0.0
1503,category_last_Primer de Maquillaje,0.0
1504,category_last_Probadores de Baterías,0.0
1505,category_last_Procesadoras,0.0
1506,category_last_Procesadores,0.0
1507,category_last_Productos Post Afeitar,0.0
1508,category_last_Programador de Riegos,0.0
1509,category_last_Protección de Superficies,0.0
1510,category_last_Protector Solar,0.0
1511,category_last_Protectores,0.0
1512,category_last_Protectores Auditivos,0.0
1513,category_last_Protectores Bucales,0.0
1514,category_last_Protectores Cervicales,0.0
1515,category_last_Protectores Diarios,0.0
1516,category_last_Protectores Faciales,0.0
1517,category_last_Protectores Mamarios,0.0
1518,category_last_Protectores de Esquinas,0.0
1519,category_last_Protectores de Juanetes,0.0
1520,category_last_Protectores de Lluvia,0.0
1521,category_last_Protectores de Pantalla,0.0
1522,category_last_Protectores de Pie,0.0
1523,category_last_Provoleteras,0.0
1524,category_last_Proyectores,0.0
1525,category_last_Puertas de Seguridad,0.0
1526,category_last_Puffs,0.0
1527,category_last_Pulidoras,0.0
1528,category_last_Pulidoras de Banco,0.0
1529,category_last_Pulpas de Fruta,0.0
1530,category_last_Pulseras,0.0
1531,category_last_Pulsómetros ,0.0
1532,category_last_Pulverizadores a Explosión,0.0
1533,category_last_Puntas de Ejes,0.0
1534,category_last_Punteros Láser,0.0
1535,category_last_Pupitres,0.0
1536,category_last_Purificadores de Agua,0.0
1537,category_last_Péndulos,0.0
1538,category_last_Quillas,0.0
1539,category_last_Quitaesmaltes,0.0
1540,category_last_Racks para Servidores,0.0
1541,category_last_Radiadores de Agua,0.0
1542,category_last_Radio Despertadores,0.0
1543,category_last_Radiofrecuencia Estética,0.0
1544,category_last_Radiograbadores,0.0
1545,category_last_Radios AM/FM,0.0
1546,category_last_Ralladores,0.0
1547,category_last_Raquetas de Tenis y Squash,0.0
1548,"category_last_Raqueteros, Bolsos y Fundas",0.0
1549,category_last_Recargas de Tinta,0.0
1550,category_last_Receptores Satelitales,0.0
1551,category_last_Redes,0.0
1552,category_last_Redes de Pesca,0.0
1553,category_last_Redoblantes,0.0
1554,category_last_Reductores,0.0
1555,category_last_Reeles,0.0
1556,category_last_Reflectores Cuarzo,0.0
1557,category_last_Reglas de Precisión,0.0
1558,category_last_Rejillas,0.0
1559,category_last_Rellenables,0.0
1560,category_last_Reloj de Pulsera,0.0
1561,category_last_Relojes Despertadores,0.0
1562,category_last_Relojes Pulsera,0.0
1563,category_last_Relojes de Pared,0.0
1564,category_last_Remachadoras,0.0
1565,category_last_Remeras,0.0
1566,category_last_Remeras y Chombas,0.0
1567,"category_last_Remeras, Musculosas y Chombas",0.0
1568,category_last_Removedores de Pintura,0.0
1569,category_last_Removedores de Rayones,0.0
1570,category_last_Repasadores,0.0
1571,category_last_Repelentes Líquidos,0.0
1572,category_last_Reposeras,0.0
1573,category_last_Repuestos,0.0
1574,category_last_Repuestos de Hojas,0.0
1575,category_last_Repuestos para Mopas,0.0
1576,category_last_Repuestos para Piletas,0.0
1577,category_last_Repuestos y Accesorios,0.0
1578,category_last_Repujadores de Cutículas,0.0
1579,category_last_Resortes a Gas,0.0
1580,category_last_Retazos de Tela,0.0
1581,category_last_Retenes para Lavarropas,0.0
1582,category_last_Revestimientos Texturados,0.0
1583,category_last_Revistas,0.0
1584,category_last_Rieles para Cortinas,0.0
1585,category_last_Riñoneras,0.0
1586,category_last_Robots,0.0
1587,category_last_Rockolas,0.0
1588,category_last_Rodilleras,0.0
1589,category_last_Rodilleras de Voley,0.0
1590,category_last_Rodillos,0.0
1591,category_last_Rodillos de Cocina,0.0
1592,category_last_Rodillos de Microagujas,0.0
1593,category_last_Rollos Aislantes,0.0
1594,category_last_Rollos de Cocina,0.0
1595,category_last_Rollos de Embalaje,0.0
1596,category_last_Rollos de Tela,0.0
1597,category_last_Rollos para Etiquetadoras,0.0
1598,category_last_Rompecabezas,0.0
1599,category_last_Ron,0.0
1600,category_last_Ropa para Muñecas,0.0
1601,category_last_Rosarios,0.0
1602,category_last_Rotomartillos,0.0
1603,category_last_Routers,0.0
1604,category_last_Routers y Fresadoras,0.0
1605,category_last_Rubik,0.0
1606,category_last_Rubores,0.0
1607,category_last_Rueda para Abdominales,0.0
1608,category_last_Ruedas,0.0
1609,category_last_Ruedas de Patín,0.0
1610,category_last_Ruedas para Portón,0.0
1611,category_last_Runas,0.0
1612,category_last_Rímel,0.0
1613,category_last_Rótulas,0.0
1614,category_last_Sacacorchos,0.0
1615,category_last_Sacaleches,0.0
1616,category_last_Sacapuntas,0.0
1617,category_last_Sahumerios,0.0
1618,category_last_Sal,0.0
1619,category_last_Salamandras,0.0
1620,category_last_Salsas y Aderezos,0.0
1621,category_last_Saltarines y Jumpers,0.0
1622,category_last_Sandalias y Ojotas,0.0
1623,category_last_Sandwicheras,0.0
1624,category_last_Sartenes,0.0
1625,category_last_Sartenes y Ollas Eléctricas,0.0
1626,category_last_Secadores de Pelo,0.003049813
1627,category_last_Secaplatos,0.0
1628,category_last_Secarropas,0.0
1629,category_last_Selladoras de Bolsas,0.0
1630,category_last_Sellos,0.0
1631,category_last_Semiejes Completos,0.0
1632,category_last_Semillas,0.0
1633,category_last_Sensores TPMS,0.0
1634,category_last_Sensores TPS,0.0
1635,category_last_Sensores de Cigueñal,0.0
1636,category_last_Sensores de Estacionamiento,0.0
1637,category_last_Separadores de Dedos,0.0
1638,category_last_Serruchos,0.0
1639,category_last_Servilletas de Papel,0.0
1640,category_last_Servilleteros,0.0
1641,category_last_Set de Alimentación,0.0
1642,category_last_Set de Maquillaje,0.0
1643,category_last_Sets,0.0
1644,category_last_Sets Completos,0.0
1645,category_last_Sets de Accesorios,0.0
1646,category_last_Sets de Artefactos,0.0
1647,category_last_Sets de Belleza para Niños,0.0
1648,category_last_Sets de Cubiertos,0.0
1649,category_last_Sets de Destornilladores,0.0
1650,category_last_Sets de Duchador y Grifería,0.0
1651,category_last_Sets de Llaves,0.0
1652,category_last_Sets de Toallas,0.0
1653,category_last_Sets de Vino,0.0
1654,category_last_Señuelos,0.0
1655,category_last_Shakers,0.0
1656,category_last_Shampoo para Autos,0.0
1657,category_last_Shampoos y Acondicionadores,0.0
1658,category_last_Shorts,0.0
1659,category_last_Shorts de Juego,0.0
1660,category_last_Shorts y Bermudas,0.0
1661,category_last_Sifones de Desague,0.0
1662,category_last_Sifones para Crema,0.0
1663,category_last_Silenciadores,0.0
1664,category_last_Sillas Materas,0.0
1665,category_last_Sillas Mecedoras,0.0
1666,category_last_Sillas Tándem,0.0
1667,category_last_Sillas de Baño,0.0
1668,category_last_Sillas de Camping,0.0
1669,category_last_Sillas de Comedor,0.0
1670,category_last_Sillas de Comer,0.0
1671,category_last_Sillas de Oficina,0.0
1672,category_last_Sillas y Sillones de Jardín,0.0
1673,category_last_Sillitas para Bebés,0.0
1674,category_last_Sillones Gamer,0.0
1675,category_last_Sillones Inflables,0.0
1676,category_last_Sillones Masajeadores,0.0
1677,category_last_Sillones y Sofás,0.0
1678,category_last_Simuladores de Manejo,0.0
1679,category_last_Sin Hidromasajes,0.0
1680,category_last_Sirenas,0.0
1681,category_last_Sistemas Operativos,0.0
1682,category_last_Skins,0.0
1683,category_last_Sliders,0.0
1684,category_last_Smartbands,0.0
1685,category_last_Smartwatch,0.0015128774
1686,category_last_Snacks Salados,0.0
1687,category_last_Sobres,0.0
1688,category_last_Sobres de Seguridad,0.0
1689,category_last_Sogas,0.0
1690,category_last_Sogas para Saltar,0.0
1691,category_last_Soldador,0.0
1692,category_last_Soldadoras,0.0
1693,category_last_Soluciones Limpiadoras,0.0
1694,category_last_Sombras de Ojos,0.0
1695,category_last_Sombreros y Gorros,0.0
1696,category_last_Sombrillas,0.0
1697,category_last_Sondas,0.0
1698,category_last_Sopapas Ventosas,0.0
1699,category_last_Sopas y Cremas Instantáneas,0.0
1700,category_last_Sopletes,0.0
1701,category_last_Sopletes Flambeadores,0.0
1702,category_last_Soportes,0.0038847532
1703,category_last_Soportes de Tanques de Agua,0.0
1704,category_last_Soportes para Autos,0.0
1705,category_last_Soportes para DVD,0.0
1706,category_last_Soportes para Pared,0.0
1707,category_last_Soportes para Parlantes,0.0
1708,category_last_Soportes para Taladros,0.0
1709,category_last_Sorbetes,0.0
1710,category_last_Splash Corporal,0.0
1711,category_last_Squishys,0.0
1712,category_last_Steps,0.0
1713,category_last_Stickers para Uñas,0.0
1714,category_last_Stilletos y Plataformas,0.0
1715,category_last_Strass de Uñas,0.0
1716,category_last_Suavizantes para Ropa,0.0
1717,category_last_SubWoofers,0.0
1718,category_last_Sujetalibros,0.0
1719,category_last_Supermercados,0.0
1720,category_last_Suplementos,0.0
1721,category_last_Suplementos Alimenticios,0.0
1722,category_last_Suplementos Deportivos,0.0
1723,category_last_Suspensión Neumática,0.0
1724,category_last_Sustratos,0.0
1725,category_last_Sweaters,0.0
1726,category_last_Switches,0.0
1727,category_last_Switches y Splitters,0.0
1728,category_last_Sábanas,0.0
1729,category_last_TVs,0.0037842826
1730,category_last_Tabaco,0.0
1731,category_last_Tablas de Inversión,0.0
1732,category_last_Tablas de Picar,0.0
1733,category_last_Tablas de Planchar,0.0
1734,category_last_Tableros,0.0
1735,category_last_Tabletas Digitalizadoras,0.0
1736,category_last_Tablets,0.0020448507
1737,category_last_Tachas,0.0
1738,category_last_Tacómetros Portátiles,0.0
1739,category_last_Taladros Atornilladores,0.005033566
1740,category_last_Taladros de Banco,0.0
1741,category_last_Talco,0.0
1742,category_last_Taller de Juguete,0.0
1743,category_last_Taloneras,0.0
1744,category_last_Tampones,0.0
1745,category_last_Tanques de Agua,0.0
1746,category_last_Tanques para Desmalezadoras,0.0
1747,category_last_Tanzas para Bordeadoras,0.0
1748,category_last_Tapabocas Reutilizables,0.0
1749,category_last_Tapas de Caja,0.0
1750,category_last_Tapas de Inodoro,0.0
1751,category_last_Tapas de Válvulas,0.0
1752,category_last_Tapas de Válvulas de Ruedas,0.0
1753,"category_last_Tapas, Tapones y Corchos",0.0
1754,category_last_Tapices,0.0
1755,category_last_Tapizados de Puertas,0.0
1756,category_last_Tarjetas de Proximidad,0.0
1757,category_last_Tarjetas y Credenciales,0.0
1758,category_last_Tarugos,0.0
1759,category_last_Tazas,0.0
1760,category_last_Teclados,0.0
1761,category_last_Teclados Físicos,0.0
1762,category_last_Teclas de Faros Auxiliares,0.0
1763,category_last_Tejidos Mosquiteros,0.0
1764,category_last_Telescopios,0.0
1765,category_last_Telurímetros,0.0
1766,category_last_Teléfonos,0.0
1767,category_last_Temporizadores,0.0
1768,category_last_Temporizadores para Cocina,0.0
1769,category_last_Tenders,0.0
1770,category_last_Tenedores,0.0
1771,category_last_Tequila,0.0
1772,category_last_Termofusoras,0.0031100977
1773,category_last_Termos,0.0
1774,category_last_Termostatos Digitales,0.0
1775,category_last_Termotanques,0.0
1776,category_last_Termómetros,0.0
1777,category_last_Termómetros Ambientales,0.0
1778,category_last_Termómetros de Cocina,0.0
1779,category_last_Terrajas,0.0
1780,category_last_Testers de Alcoholemia,0.0
1781,category_last_Teteras,0.0
1782,category_last_Tetinas,0.0
1783,category_last_Tibiales,0.0
1784,category_last_Tierra,0.0
1785,category_last_Tijeras,0.0
1786,category_last_Tijeras Cortatubos,0.0
1787,category_last_Tijeras de Podar,0.0
1788,category_last_Tijeras de Sastre,0.0
1789,category_last_Timbres,0.0
1790,category_last_Tintas,0.0
1791,category_last_Tinturas y Decolorantes,0.0
1792,category_last_Tiradores,0.0
1793,category_last_Tiras Blanqueadoras,0.0
1794,category_last_Tiras de LED,0.0
1795,category_last_Tizas,0.0
1796,category_last_Toallas Húmedas,0.0
1797,category_last_Toallas Turbantes,0.0
1798,category_last_Toallas de Mano,0.0
1799,category_last_Toallas de Microfibra,0.0
1800,category_last_Toallas de Rostro,0.0
1801,category_last_Toalleros,0.0
1802,category_last_Toallitas Femeninas,0.0
1803,category_last_Toallitas Húmedas,0.0
1804,category_last_Toallones,0.0
1805,category_last_Tobilleras y Muñequeras,0.0
1806,category_last_Tocadiscos,0.0
1807,category_last_Tocadores,0.0
1808,"category_last_Tocados, Vinchas y Tiaras",0.0
1809,category_last_Tomacorrientes,0.0
1810,category_last_Tomas de Fondo,0.0
1811,category_last_Topes de Estacionamiento,0.0
1812,category_last_Tops,0.0
1813,category_last_Tornillos,0.0
1814,category_last_Tornos Industriales,0.0
1815,category_last_Tornos para Manicura,0.0
1816,category_last_Torquímetros,0.0
1817,category_last_Tortillas,0.0
1818,category_last_Tortugas de Enganche,0.0
1819,category_last_Tostadoras,0.0
1820,category_last_Trabas de Discos,0.0
1821,category_last_Trabas para Puertas,0.0
1822,category_last_Trajes de Lluvia,0.0
1823,category_last_Trajes de Neoprene,0.0
1824,category_last_Trajes y Kimonos,0.0
1825,category_last_Trampolines,0.0
1826,category_last_Transformadores y Fuentes,0.0
1827,category_last_Transmisores FM,0.0
1828,category_last_Trapos de Limpieza,0.0
1829,category_last_Tratamientos para el Cabello,0.0
1830,category_last_Trenes de Juguete,0.0
1831,category_last_Tricetas,0.0
1832,category_last_Triciclos,0.0
1833,category_last_Trimmers,0.00017761036
1834,category_last_Trituradoras,0.0
1835,category_last_Trompetas,0.0
1836,category_last_Trucos Profesionales,0.0
1837,category_last_Trucos para Principiantes,0.0
1838,category_last_Trípodes,0.0
1839,category_last_Tubos de Ensayo,0.0
1840,category_last_Tweeters,0.0
1841,category_last_Tápers,0.0
1842,category_last_Té,0.0
1843,category_last_Títeres,0.0
1844,category_last_UPS,0.0
1845,category_last_USB,0.0
1846,category_last_Ukeleles,0.0
1847,category_last_Ultrabooks,0.0
1848,category_last_Ultracavitación,0.0
1849,category_last_Uniformes Gastronómicos,0.0
1850,category_last_Universales,0.0
1851,category_last_Uñas Postizas,0.0
1852,category_last_Valijas,0.0020870222
1853,category_last_Valijas Portaequipajes,0.0
1854,category_last_Valijitas de Juguete,0.0
1855,category_last_Vanitorys y Botiquines de Baño,0.0
1856,category_last_Vaporeras,0.0
1857,category_last_Vaporizadores,0.0
1858,category_last_Vaporizadores Faciales,0.0
1859,category_last_Vasos,0.0
1860,category_last_Vasos Descartables,0.0
1861,category_last_Vasos Térmicos,0.0
1862,category_last_Vasos y Copas,0.0
1863,category_last_Vasos y Jarras Medidoras,0.0
1864,category_last_Vehículos a Control Remoto,0.0
1865,category_last_Vehículos a Escala,0.0
1866,category_last_Vehículos de Muñecos y Muñecas,0.0
1867,category_last_Veladores y Lámparas de Mesa,0.0
1868,category_last_Velas,0.0
1869,category_last_Ventiladores,0.0
1870,category_last_Ventiladores de Radiador,0.0
1871,category_last_Ventosas Chinas,0.0
1872,category_last_Vestidos,0.0
1873,category_last_Videojuegos,0.0029865636
1874,category_last_Vigas y Viguetas,0.0
1875,category_last_Vinagreras y Aceiteras,0.0
1876,category_last_Vinos,0.0032998228
1877,category_last_Violines,0.0
1878,category_last_Vodka,0.0
1879,category_last_Válvulas,0.0
1880,category_last_Válvulas EGR,0.0
1881,category_last_Válvulas de Descarga,0.0
1882,category_last_Válvulas de Riego,0.0
1883,category_last_Waders,0.0
1884,category_last_Wafleras,0.0
1885,category_last_Walkie Talkies,0.0
1886,category_last_Waterpiks,0.0
1887,category_last_Waveboards,0.0
1888,category_last_Webcams,0.0
1889,category_last_Whiskies,0.0029691416
1890,category_last_Wok,0.0
1891,category_last_Woofers,0.0
1892,category_last_Yerba Mate,0.0
1893,category_last_Yogurteras,0.0
1894,category_last_Zafus,0.0
1895,category_last_Zapateros,0.0
1896,category_last_Zapatillas,0.003368215
1897,category_last_Zapatillas de Ciclismo,0.0
1898,category_last_Zapatillas y Botas,0.0
1899,category_last_Zuecos y Mules,0.0
1900,category_last_Zunchadoras,0.0
1901,category_last_Zócalos,0.0
1902,title_emb_0,0.0025859766
1903,title_emb_1,0.0026470828
1904,title_emb_2,0.003067622
1905,title_emb_3,0.002959719
1906,title_emb_4,0.0027065217
1907,title_emb_5,0.002696844
1908,title_emb_6,0.0028584963
1909,title_emb_7,0.0025992517
1910,title_emb_8,0.0026579797
1911,title_emb_9,0.0030881988
1912,title_emb_10,0.002648669
1913,title_emb_11,0.0026262372
1914,title_emb_12,0.0036629152
1915,title_emb_13,0.0028176364
1916,title_emb_14,0.0025355392
1917,title_emb_15,0.002688227
1918,title_emb_16,0.0032376028
1919,title_emb_17,0.0027982998
1920,title_emb_18,0.0023102912
1921,title_emb_19,0.002617801
1922,title_emb_20,0.0023180046
1923,title_emb_21,0.002593063
1924,title_emb_22,0.002538784
1925,title_emb_23,0.0026550507
1926,title_emb_24,0.0027502738
1927,title_emb_25,0.002627175
1928,title_emb_26,0.0028980514
1929,title_emb_27,0.002987562
1930,title_emb_28,0.0026740113
1931,title_emb_29,0.002623228
1932,title_emb_30,0.0028028951
1933,title_emb_31,0.0026703677
1934,title_emb_32,0.0023224277
1935,title_emb_33,0.0027447622
1936,title_emb_34,0.0025413446
1937,title_emb_35,0.0027360653
1938,title_emb_36,0.0030814689
1939,title_emb_37,0.0023563001
1940,title_emb_38,0.0029458804
1941,title_emb_39,0.002732338
1942,title_emb_40,0.002688249
1943,title_emb_41,0.0032694864
1944,title_emb_42,0.0029867615
1945,title_emb_43,0.0028700326
1946,title_emb_44,0.0029487933
1947,title_emb_45,0.0027634138
1948,title_emb_46,0.002377082
1949,title_emb_47,0.002653915
1950,title_emb_48,0.002669733
1951,title_emb_49,0.0029588141
